User:;Maciej
IndexName:;WIG20Closing
StartDate:;2015-01-27 08:39:32
CalculationTime:;03:59:14
TestCasesNumber:;2
ProportionalDivisionTrainingTestData:;70
networkType;learningCoefficient;inertiaCoefficient;iterationNumber;neuronStructure;maxInputColumns;windowLength;density;step;resultError;TestCorrectDirectionPredictionsRate;TestCorrectDownPredictionsRate;TestCorrectUpPredictionsRate;Trend;LastTrainingCorrectDirectionPredictionsRate
MLP;0,25;0;1000;3~1;no PCA;Day;Day;Day;1032,11822454041;0,569767441860465;0,845930232558139;0,293604651162791;0,5;0,523578363384189
Elman;0,25;0;1000;3~1;no PCA;Day;Day;Day;1032,5773550916;0,593023255813953;0,517441860465116;0,668604651162791;0,5;0,51872399445215
Jordan;0,25;0;1000;3~1;no PCA;Day;Day;Day;1031,15688707658;0,597383720930233;0,709302325581395;0,48546511627907;0,5;0,527045769764216
MLP;0,5;0;1000;3~1;no PCA;Day;Day;Day;1016,55337134894;0,572674418604651;0,438953488372093;0,706395348837209;0,5;0,522884882108183
Elman;0,5;0;1000;3~1;no PCA;Day;Day;Day;1004,68217708064;0,563953488372093;0,34593023255814;0,781976744186047;0,5;0,500693481276006
Jordan;0,5;0;1000;3~1;no PCA;Day;Day;Day;1005,61409977171;0,575581395348837;0,363372093023256;0,787790697674419;0,5;0,510402219140083
MLP;0,75;0;1000;3~1;no PCA;Day;Day;Day;987,893782178304;0,565406976744186;0,354651162790698;0,776162790697674;0,5;0,511789181692094
Elman;0,75;0;1000;3~1;no PCA;Day;Day;Day;999,242741458348;0,561046511627907;0,340116279069767;0,781976744186047;0,5;0,504854368932039
Jordan;0,75;0;1000;3~1;no PCA;Day;Day;Day;999,363864586515;0,568313953488372;0,357558139534884;0,779069767441861;0,5;0,511095700416089
MLP;1;0;1000;3~1;no PCA;Day;Day;Day;997,472629735768;0,568313953488372;0,375;0,761627906976744;0,5;0,513869625520111
Elman;1;0;1000;3~1;no PCA;Day;Day;Day;1007,72156108572;0,561046511627907;0,348837209302326;0,773255813953488;0,5;0,505547850208044
Jordan;1;0;1000;3~1;no PCA;Day;Day;Day;993,909305442897;0,572674418604651;0,354651162790698;0,790697674418605;0,5;0,50624133148405
MLP;0,25;0,25;1000;3~1;no PCA;Day;Day;Day;1046,97008331298;0,5;0;1;0,5;0,488210818307906
Elman;0,25;0,25;1000;3~1;no PCA;Day;Day;Day;1037,28755261802;0,504360465116279;0,00872093023255814;1;0,5;0,502773925104022
Jordan;0,25;0,25;1000;3~1;no PCA;Day;Day;Day;1058,58872641081;0,5;0;1;0,5;0,496532593619972
MLP;0,5;0,25;1000;3~1;no PCA;Day;Day;Day;1018,54441979595;0,524709302325581;0,101744186046512;0,947674418604651;0,5;0,495839112343967
Elman;0,5;0,25;1000;3~1;no PCA;Day;Day;Day;999,1896827898;0,526162790697674;0,122093023255814;0,930232558139535;0,5;0,50624133148405
Jordan;0,5;0,25;1000;3~1;no PCA;Day;Day;Day;1022,89492133626;0,526162790697674;0,113372093023256;0,938953488372093;0,5;0,5
MLP;0,75;0,25;1000;3~1;no PCA;Day;Day;Day;1009,00389164036;0,549418604651163;0,186046511627907;0,912790697674419;0,5;0,50624133148405
Elman;0,75;0,25;1000;3~1;no PCA;Day;Day;Day;991,222034392489;0,540697674418605;0,188953488372093;0,892441860465116;0,5;0,515950069348128
Jordan;0,75;0,25;1000;3~1;no PCA;Day;Day;Day;1025,21262248131;0,545058139534884;0,174418604651163;0,915697674418605;0,5;0,507628294036061
MLP;1;0,25;1000;3~1;no PCA;Day;Day;Day;995,355542017113;0,546511627906977;0,232558139534884;0,86046511627907;0,5;0,515950069348128
Elman;1;0,25;1000;3~1;no PCA;Day;Day;Day;1003,74281296367;0,540697674418605;0,22093023255814;0,86046511627907;0,5;0,51872399445215
Jordan;1;0,25;1000;3~1;no PCA;Day;Day;Day;1004,9866577094;0,549418604651163;0,229651162790698;0,869186046511628;0,5;0,511095700416089
MLP;0,25;0,5;1000;3~1;no PCA;Day;Day;Day;1210,53211073215;0,5;0;1;0,5;0,49375866851595
Elman;0,25;0,5;1000;3~1;no PCA;Day;Day;Day;1042,53706635729;0,502906976744186;0,00581395348837209;1;0,5;0,490984743411928
Jordan;0,25;0,5;1000;3~1;no PCA;Day;Day;Day;1153,33128036844;0,5;0;1;0,5;0,483356449375867
MLP;0,5;0,5;1000;3~1;no PCA;Day;Day;Day;1078,13307950647;0,5;0;1;0,5;0,4875173370319
Elman;0,5;0,5;1000;3~1;no PCA;Day;Day;Day;1017,36292799288;0,502906976744186;0,0203488372093023;0,98546511627907;0,5;0,501386962552011
Jordan;0,5;0,5;1000;3~1;no PCA;Day;Day;Day;1074,02698709364;0,502906976744186;0,00581395348837209;1;0,5;0,485436893203884
MLP;0,75;0,5;1000;3~1;no PCA;Day;Day;Day;1044,08170539942;0,521802325581395;0,0784883720930233;0,965116279069767;0,5;0,498613037447989
Elman;0,75;0,5;1000;3~1;no PCA;Day;Day;Day;1014,47426784596;0,524709302325581;0,0901162790697674;0,959302325581395;0,5;0,497226074895978
Jordan;0,75;0,5;1000;3~1;no PCA;Day;Day;Day;1048,90326123653;0,517441860465116;0,0755813953488372;0,959302325581395;0,5;0,497226074895978
MLP;1;0,5;1000;3~1;no PCA;Day;Day;Day;1054,30045425464;0,523255813953488;0,11046511627907;0,936046511627907;0,5;0,497919556171983
Elman;1;0,5;1000;3~1;no PCA;Day;Day;Day;1017,46896339212;0,529069767441861;0,116279069767442;0,941860465116279;0,5;0,504854368932039
Jordan;1;0,5;1000;3~1;no PCA;Day;Day;Day;1049,51195910188;0,527616279069767;0,116279069767442;0,938953488372093;0,5;0,495145631067961
MLP;0,25;0,75;1000;3~1;no PCA;Day;Day;Day;1219,96829594855;0,5;0;1;0,5;0,499306518723994
Elman;0,25;0,75;1000;3~1;no PCA;Day;Day;Day;1199,01419053244;0,5;0;1;0,5;0,488210818307906
Jordan;0,25;0,75;1000;3~1;no PCA;Day;Day;Day;1245,20772740117;0,5;0;1;0,5;0,5
MLP;0,5;0,75;1000;3~1;no PCA;Day;Day;Day;1173,81444464735;0,5;0;1;0,5;0,497919556171983
Elman;0,5;0,75;1000;3~1;no PCA;Day;Day;Day;1137,78437390678;0,5;0;1;0,5;0,495145631067961
Jordan;0,5;0,75;1000;3~1;no PCA;Day;Day;Day;1189,15239173438;0,5;0;1;0,5;0,5
MLP;0,75;0,75;1000;3~1;no PCA;Day;Day;Day;1141,58975429215;0,5;0;1;0,5;0,497919556171983
Elman;0,75;0,75;1000;3~1;no PCA;Day;Day;Day;1092,5552348839;0,5;0,00872093023255814;0,991279069767442;0,5;0,5
Jordan;0,75;0,75;1000;3~1;no PCA;Day;Day;Day;1163,70149291368;0,5;0;1;0,5;0,50624133148405
MLP;1;0,75;1000;3~1;no PCA;Day;Day;Day;1129,28790493101;0,5;0;1;0,5;0,507628294036061
Elman;1;0,75;1000;3~1;no PCA;Day;Day;Day;1119,48746294373;0,504360465116279;0,00872093023255814;1;0,5;0,507628294036061
Jordan;1;0,75;1000;3~1;no PCA;Day;Day;Day;1134,55224098144;0,504360465116279;0,00872093023255814;1;0,5;0,504160887656033
MLP;0,25;1;1000;3~1;no PCA;Day;Day;Day;1394,04237348814;0,5;0;1;0,5;0,491678224687933
Elman;0,25;1;1000;3~1;no PCA;Day;Day;Day;1524,57216189672;0,5;0;1;0,5;0,494452149791956
Jordan;0,25;1;1000;3~1;no PCA;Day;Day;Day;1489,83064625784;0,5;0;1;0,5;0,486130374479889
MLP;0,5;1;1000;3~1;no PCA;Day;Day;Day;1342,63648564354;0,5;0;1;0,5;0,5
Elman;0,5;1;1000;3~1;no PCA;Day;Day;Day;1280,62746835153;0,502906976744186;0,00581395348837209;1;0,5;0,500693481276006
Jordan;0,5;1;1000;3~1;no PCA;Day;Day;Day;1405,57138742118;0,5;0;1;0,5;0,501386962552011
MLP;0,75;1;1000;3~1;no PCA;Day;Day;Day;1281,65190999263;0,5;0;1;0,5;0,495839112343967
Elman;0,75;1;1000;3~1;no PCA;Day;Day;Day;1391,78473337262;0,5;0;1;0,5;0,502080443828017
Jordan;0,75;1;1000;3~1;no PCA;Day;Day;Day;1356,77665305184;0,5;0;1;0,5;0,493065187239945
MLP;1;1;1000;3~1;no PCA;Day;Day;Day;1262,9403468963;0,5;0;1;0,5;0,496532593619972
Elman;1;1;1000;3~1;no PCA;Day;Day;Day;1442,35474041004;0,5;0;1;0,5;0,515950069348128
Jordan;1;1;1000;3~1;no PCA;Day;Day;Day;1298,87332520732;0,5;0;1;0,5;0,497919556171983
MLP;0,25;0;1000;10~1;no PCA;Day;Day;Day;1157,73454590228;0,569767441860465;0,369186046511628;0,770348837209302;0,5;0,515256588072122
Elman;0,25;0;1000;10~1;no PCA;Day;Day;Day;1032,61517755358;0,571220930232558;0,377906976744186;0,76453488372093;0,5;0,515950069348128
Jordan;0,25;0;1000;10~1;no PCA;Day;Day;Day;1004,71166742118;0,585755813953488;0,412790697674419;0,758720930232558;0,5;0,513176144244105
MLP;0,5;0;1000;10~1;no PCA;Day;Day;Day;1049,57063843401;0,571220930232558;0,380813953488372;0,761627906976744;0,5;0,518030513176144
Elman;0,5;0;1000;10~1;no PCA;Day;Day;Day;1014,94710081764;0,563953488372093;0,354651162790698;0,773255813953488;0,5;0,510402219140083
Jordan;0,5;0;1000;10~1;no PCA;Day;Day;Day;999,949627585809;0,565406976744186;0,357558139534884;0,773255813953488;0,5;0,50624133148405
MLP;0,75;0;1000;10~1;no PCA;Day;Day;Day;1007,47522548635;0,572674418604651;0,383720930232558;0,761627906976744;0,5;0,515256588072122
Elman;0,75;0;1000;10~1;no PCA;Day;Day;Day;1013,08986059512;0,563953488372093;0,354651162790698;0,773255813953488;0,5;0,505547850208044
Jordan;0,75;0;1000;10~1;no PCA;Day;Day;Day;996,376429696653;0,5625;0,348837209302326;0,776162790697674;0,5;0,511095700416089
MLP;1;0;1000;10~1;no PCA;Day;Day;Day;1001,94254334387;0,569767441860465;0,377906976744186;0,761627906976744;0,5;0,520804438280166
Elman;1;0;1000;10~1;no PCA;Day;Day;Day;1019,73028576511;0,566860465116279;0,36046511627907;0,773255813953488;0,5;0,519417475728155
Jordan;1;0;1000;10~1;no PCA;Day;Day;Day;997,411802126279;0,571220930232558;0,354651162790698;0,787790697674419;0,5;0,511095700416089
MLP;0,25;0,25;1000;10~1;no PCA;Day;Day;Day;1036,69458018553;0,5;0;1;0,5;0,488210818307906
Elman;0,25;0,25;1000;10~1;no PCA;Day;Day;Day;1027,50069902871;0,505813953488372;0,0116279069767442;1;0,5;0,494452149791956
Jordan;0,25;0,25;1000;10~1;no PCA;Day;Day;Day;1082,80890163846;0,502906976744186;0,00581395348837209;1;0,5;0,481969486823856
MLP;0,5;0,25;1000;10~1;no PCA;Day;Day;Day;1025,20430062721;0,508720930232558;0,0406976744186047;0,976744186046512;0,5;0,492371705963939
Elman;0,5;0,25;1000;10~1;no PCA;Day;Day;Day;1010,92361915852;0,521802325581395;0,0959302325581395;0,947674418604651;0,5;0,509015256588072
Jordan;0,5;0,25;1000;10~1;no PCA;Day;Day;Day;1024,15966472725;0,524709302325581;0,0901162790697674;0,959302325581395;0,5;0,501386962552011
MLP;0,75;0,25;1000;10~1;no PCA;Day;Day;Day;1011,13766437098;0,529069767441861;0,133720930232558;0,924418604651163;0,5;0,5
Elman;0,75;0,25;1000;10~1;no PCA;Day;Day;Day;1011,92893419789;0,529069767441861;0,127906976744186;0,930232558139535;0,5;0,520804438280166
Jordan;0,75;0,25;1000;10~1;no PCA;Day;Day;Day;1013,4737167116;0,529069767441861;0,133720930232558;0,924418604651163;0,5;0,502080443828017
MLP;1;0,25;1000;10~1;no PCA;Day;Day;Day;1007,22712045106;0,555232558139535;0,203488372093023;0,906976744186046;0,5;0,506934812760055
Elman;1;0,25;1000;10~1;no PCA;Day;Day;Day;1021,08313835134;0,552325581395349;0,209302325581395;0,895348837209302;0,5;0,524271844660194
Jordan;1;0,25;1000;10~1;no PCA;Day;Day;Day;1007,70896919015;0,555232558139535;0,203488372093023;0,906976744186046;0,5;0,510402219140083
MLP;0,25;0,5;1000;10~1;no PCA;Day;Day;Day;1134,76457171611;0,5;0;1;0,5;0,4875173370319
Elman;0,25;0,5;1000;10~1;no PCA;Day;Day;Day;1148,57759090843;0,5;0;1;0,5;0,484049930651872
Jordan;0,25;0,5;1000;10~1;no PCA;Day;Day;Day;1121,9041876434;0,5;0;1;0,5;0,493065187239945
MLP;0,5;0,5;1000;10~1;no PCA;Day;Day;Day;1089,35994736888;0,5;0;1;0,5;0,479889042995839
Elman;0,5;0,5;1000;10~1;no PCA;Day;Day;Day;1052,49582408903;0,507267441860465;0,0232558139534884;0,991279069767442;0,5;0,5
Jordan;0,5;0,5;1000;10~1;no PCA;Day;Day;Day;1071,58716563964;0,5;0;1;0,5;0,488210818307906
MLP;0,75;0,5;1000;10~1;no PCA;Day;Day;Day;1063,3308275525;0,508720930232558;0,0406976744186047;0,976744186046512;0,5;0,486823855755895
Elman;0,75;0,5;1000;10~1;no PCA;Day;Day;Day;1028,80798033766;0,517441860465116;0,0697674418604651;0,965116279069767;0,5;0,504854368932039
Jordan;0,75;0,5;1000;10~1;no PCA;Day;Day;Day;1052,76593090517;0,517441860465116;0,0465116279069767;0,988372093023256;0,5;0,497919556171983
MLP;1;0,5;1000;10~1;no PCA;Day;Day;Day;1047,65385845058;0,527616279069767;0,113372093023256;0,941860465116279;0,5;0,506934812760055
Elman;1;0,5;1000;10~1;no PCA;Day;Day;Day;1024,54406588868;0,520348837209302;0,101744186046512;0,938953488372093;0,5;0,511095700416089
Jordan;1;0,5;1000;10~1;no PCA;Day;Day;Day;1048,69637938845;0,526162790697674;0,104651162790698;0,947674418604651;0,5;0,501386962552011
MLP;0,25;0,75;1000;10~1;no PCA;Day;Day;Day;1247,34330254814;0,5;0;1;0,5;0,494452149791956
Elman;0,25;0,75;1000;10~1;no PCA;Day;Day;Day;1153,06266185196;0,497093023255814;0,0116279069767442;0,982558139534884;0,5;0,49375866851595
Jordan;0,25;0,75;1000;10~1;no PCA;Day;Day;Day;1264,70310965524;0,5;0;1;0,5;0,502773925104022
MLP;0,5;0,75;1000;10~1;no PCA;Day;Day;Day;1175,50846408606;0,5;0;1;0,5;0,488904299583911
Elman;0,5;0,75;1000;10~1;no PCA;Day;Day;Day;1119,29774938887;0,501453488372093;0,0203488372093023;0,982558139534884;0,5;0,505547850208044
Jordan;0,5;0,75;1000;10~1;no PCA;Day;Day;Day;1187,34635475486;0,5;0;1;0,5;0,495145631067961
MLP;0,75;0,75;1000;10~1;no PCA;Day;Day;Day;1149,88049074755;0,5;0;1;0,5;0,494452149791956
Elman;0,75;0,75;1000;10~1;no PCA;Day;Day;Day;1096,76313133897;0,51453488372093;0,0581395348837209;0,970930232558139;0,5;0,509015256588072
Jordan;0,75;0,75;1000;10~1;no PCA;Day;Day;Day;1158,01632754731;0,5;0;1;0,5;0,499306518723994
MLP;1;0,75;1000;10~1;no PCA;Day;Day;Day;1131,51466123239;0,504360465116279;0,00872093023255814;1;0,5;0,503467406380028
Elman;1;0,75;1000;10~1;no PCA;Day;Day;Day;1080,31774202952;0,524709302325581;0,0872093023255814;0,962209302325581;0,5;0,510402219140083
Jordan;1;0,75;1000;10~1;no PCA;Day;Day;Day;1139,19225387053;0,502906976744186;0,00581395348837209;1;0,5;0,502773925104022
MLP;0,25;1;1000;10~1;no PCA;Day;Day;Day;1427,23333013874;0,5;0;1;0,5;0,493065187239945
Elman;0,25;1;1000;10~1;no PCA;Day;Day;Day;1318,72102877985;0,515988372093023;0,061046511627907;0,970930232558139;0,5;0,496532593619972
Jordan;0,25;1;1000;10~1;no PCA;Day;Day;Day;1487,23176595989;0,5;0;1;0,5;0,4875173370319
MLP;0,5;1;1000;10~1;no PCA;Day;Day;Day;1349,73053742284;0,5;0;1;0,5;0,498613037447989
Elman;0,5;1;1000;10~1;no PCA;Day;Day;Day;1266,99103449023;0,513081395348837;0,0494186046511628;0,976744186046512;0,5;0,507628294036061
Jordan;0,5;1;1000;10~1;no PCA;Day;Day;Day;1394,96568379229;0,5;0;1;0,5;0,503467406380028
MLP;0,75;1;1000;10~1;no PCA;Day;Day;Day;1302,29650664214;0,5;0;1;0,5;0,497919556171983
Elman;0,75;1;1000;10~1;no PCA;Day;Day;Day;1221,00446266884;0,513081395348837;0,0494186046511628;0,976744186046512;0,5;0,510402219140083
Jordan;0,75;1;1000;10~1;no PCA;Day;Day;Day;1339,45049794089;0,5;0;1;0,5;0,492371705963939
MLP;1;1;1000;10~1;no PCA;Day;Day;Day;1274,60001611704;0,5;0;1;0,5;0,499306518723994
Elman;1;1;1000;10~1;no PCA;Day;Day;Day;1193,50527629693;0,517441860465116;0,061046511627907;0,973837209302326;0,5;0,506934812760055
Jordan;1;1;1000;10~1;no PCA;Day;Day;Day;1290,7102607475;0,5;0;1;0,5;0,5
MLP;0,25;0;1000;30~1;no PCA;Day;Day;Day;1072,40964150889;0,571220930232558;0,380813953488372;0,761627906976744;0,5;0,522191400832178
Elman;0,25;0;1000;30~1;no PCA;Day;Day;Day;1054,59147787562;0,565406976744186;0,369186046511628;0,761627906976744;0,5;0,5124826629681
Jordan;0,25;0;1000;30~1;no PCA;Day;Day;Day;1057,0488275011;0,569767441860465;0,377906976744186;0,761627906976744;0,5;0,520110957004161
MLP;0,5;0;1000;30~1;no PCA;Day;Day;Day;1049,80472386201;0,574127906976744;0,386627906976744;0,761627906976744;0,5;0,53120665742025
Elman;0,5;0;1000;30~1;no PCA;Day;Day;Day;1034,39241541585;0,563953488372093;0,366279069767442;0,761627906976744;0,5;0,522191400832178
Jordan;0,5;0;1000;30~1;no PCA;Day;Day;Day;1023,40693815876;0,569767441860465;0,366279069767442;0,773255813953488;0,5;0,513176144244105
MLP;0,75;0;1000;30~1;no PCA;Day;Day;Day;1032,17212148459;0,572674418604651;0,383720930232558;0,761627906976744;0,5;0,530513176144244
Elman;0,75;0;1000;30~1;no PCA;Day;Day;Day;1042,65925752063;0,568313953488372;0,375;0,761627906976744;0,5;0,515950069348128
Jordan;0,75;0;1000;30~1;no PCA;Day;Day;Day;1008,59713143495;0,568313953488372;0,36046511627907;0,776162790697674;0,5;0,5124826629681
MLP;1;0;1000;30~1;no PCA;Day;Day;Day;1020,20225621384;0,572674418604651;0,383720930232558;0,761627906976744;0,5;0,528432732316227
Elman;1;0;1000;30~1;no PCA;Day;Day;Day;1050,84669142688;0,568313953488372;0,377906976744186;0,758720930232558;0,5;0,51872399445215
Jordan;1;0;1000;30~1;no PCA;Day;Day;Day;1004,61415646364;0,565406976744186;0,354651162790698;0,776162790697674;0,5;0,514563106796117
MLP;0,25;0,25;1000;30~1;no PCA;Day;Day;Day;1248,27674529592;0,505813953488372;0,0145348837209302;0,997093023255814;0,5;0,4875173370319
Elman;0,25;0,25;1000;30~1;no PCA;Day;Day;Day;1125,23524442855;0,501453488372093;0,00290697674418605;1;0,5;0,494452149791956
Jordan;0,25;0,25;1000;30~1;no PCA;Day;Day;Day;1168,90881806732;0,505813953488372;0,0116279069767442;1;0,5;0,486823855755895
MLP;0,5;0,25;1000;30~1;no PCA;Day;Day;Day;1062,82295739926;0,508720930232558;0,0406976744186047;0,976744186046512;0,5;0,49375866851595
Elman;0,5;0,25;1000;30~1;no PCA;Day;Day;Day;1062,70467217067;0,510174418604651;0,0232558139534884;0,997093023255814;0,5;0,502773925104022
Jordan;0,5;0,25;1000;30~1;no PCA;Day;Day;Day;1047,1823172457;0,513081395348837;0,061046511627907;0,965116279069767;0,5;0,499306518723994
MLP;0,75;0,25;1000;30~1;no PCA;Day;Day;Day;1026,50592414957;0,526162790697674;0,104651162790698;0,947674418604651;0,5;0,500693481276006
Elman;0,75;0,25;1000;30~1;no PCA;Day;Day;Day;1046,67686561991;0,526162790697674;0,107558139534884;0,944767441860465;0,5;0,515950069348128
Jordan;0,75;0,25;1000;30~1;no PCA;Day;Day;Day;1018,39623750679;0,529069767441861;0,113372093023256;0,944767441860465;0,5;0,503467406380028
MLP;1;0,25;1000;30~1;no PCA;Day;Day;Day;1019,73217394414;0,529069767441861;0,133720930232558;0,924418604651163;0,5;0,501386962552011
Elman;1;0,25;1000;30~1;no PCA;Day;Day;Day;1064,75349052903;0,526162790697674;0,119186046511628;0,933139534883721;0,5;0,514563106796117
Jordan;1;0,25;1000;30~1;no PCA;Day;Day;Day;1016,25505742883;0,531976744186047;0,13953488372093;0,924418604651163;0,5;0,505547850208044
MLP;0,25;0,5;1000;30~1;no PCA;Day;Day;Day;1191,00375979823;0,5;0;1;0,5;0,4875173370319
Elman;0,25;0,5;1000;30~1;no PCA;Day;Day;Day;1299,88063315662;0,502906976744186;0,0116279069767442;0,994186046511628;0,5;0,497226074895978
Jordan;0,25;0,5;1000;30~1;no PCA;Day;Day;Day;1148,78695889339;0,5;0;1;0,5;0,49375866851595
MLP;0,5;0,5;1000;30~1;no PCA;Day;Day;Day;1113,14857021693;0,5;0;1;0,5;0,485436893203884
Elman;0,5;0,5;1000;30~1;no PCA;Day;Day;Day;1222,58777902468;0,507267441860465;0,0319767441860465;0,982558139534884;0,5;0,509015256588072
Jordan;0,5;0,5;1000;30~1;no PCA;Day;Day;Day;1092,64390600467;0,5;0;1;0,5;0,486130374479889
MLP;0,75;0,5;1000;30~1;no PCA;Day;Day;Day;1082,05086909774;0,511627906976744;0,0319767441860465;0,991279069767442;0,5;0,481969486823856
Elman;0,75;0,5;1000;30~1;no PCA;Day;Day;Day;1147,13156753032;0,515988372093023;0,0494186046511628;0,982558139534884;0,5;0,506934812760055
Jordan;0,75;0,5;1000;30~1;no PCA;Day;Day;Day;1071,47622889503;0,505813953488372;0,0116279069767442;1;0,5;0,490291262135922
MLP;1;0,5;1000;30~1;no PCA;Day;Day;Day;1072,85525950251;0,526162790697674;0,0901162790697674;0,962209302325581;0,5;0,495839112343967
Elman;1;0,5;1000;30~1;no PCA;Day;Day;Day;1092,70612811844;0,505813953488372;0,0116279069767442;1;0,5;0,506934812760055
Jordan;1;0,5;1000;30~1;no PCA;Day;Day;Day;1058,79109346014;0,520348837209302;0,0784883720930233;0,962209302325581;0,5;0,502773925104022
MLP;0,25;0,75;1000;30~1;no PCA;Day;Day;Day;1334,35906119774;0,5;0;1;0,5;0,490291262135922
Elman;0,25;0,75;1000;30~1;no PCA;Day;Day;Day;1846,95332845969;0,534883720930233;0,119186046511628;0,950581395348837;0,5;0,495145631067961
Jordan;0,25;0,75;1000;30~1;no PCA;Day;Day;Day;1317,37991796613;0,5;0;1;0,5;0,496532593619972
MLP;0,5;0,75;1000;30~1;no PCA;Day;Day;Day;1309,82670859243;0,5;0;1;0,5;0,477808599167822
Elman;0,5;0,75;1000;30~1;no PCA;Day;Day;Day;1574,34444865277;0,518895348837209;0,061046511627907;0,976744186046512;0,5;0,504160887656033
Jordan;0,5;0,75;1000;30~1;no PCA;Day;Day;Day;1217,18153158727;0,5;0;1;0,5;0,488904299583911
MLP;0,75;0,75;1000;30~1;no PCA;Day;Day;Day;1185,26494418885;0,5;0;1;0,5;0,479889042995839
Elman;0,75;0,75;1000;30~1;no PCA;Day;Day;Day;1447,34267300791;0,51453488372093;0,0668604651162791;0,962209302325581;0,5;0,504160887656033
Jordan;0,75;0,75;1000;30~1;no PCA;Day;Day;Day;1170,06273128786;0,5;0;1;0,5;0,493065187239945
MLP;1;0,75;1000;30~1;no PCA;Day;Day;Day;1158,20646974908;0,5;0;1;0,5;0,499306518723994
Elman;1;0,75;1000;30~1;no PCA;Day;Day;Day;1402,78197035178;0,534883720930233;0,127906976744186;0,941860465116279;0,5;0,514563106796117
Jordan;1;0,75;1000;30~1;no PCA;Day;Day;Day;1149,84854691301;0,502906976744186;0,00581395348837209;1;0,5;0,505547850208044
MLP;0,25;1;1000;30~1;no PCA;Day;Day;Day;3990,58544448905;0,518895348837209;0,0755813953488372;0,962209302325581;0,5;0,513869625520111
Elman;0,25;1;1000;30~1;no PCA;Day;Day;Day;2420,06179213048;0,533430232558139;0,186046511627907;0,880813953488372;0,5;0,504160887656033
Jordan;0,25;1;1000;30~1;no PCA;Day;Day;Day;1533,17772772612;0,5;0;1;0,5;0,490984743411928
MLP;0,5;1;1000;30~1;no PCA;Day;Day;Day;1458,81807386191;0,5;0;1;0,5;0,497226074895978
Elman;0,5;1;1000;30~1;no PCA;Day;Day;Day;2472,01267792006;0,549418604651163;0,203488372093023;0,895348837209302;0,5;0,501386962552011
Jordan;0,5;1;1000;30~1;no PCA;Day;Day;Day;1412,40751935427;0,5;0;1;0,5;0,5
MLP;0,75;1;1000;30~1;no PCA;Day;Day;Day;2083,18802399373;0,513081395348837;0,0552325581395349;0,970930232558139;0,5;0,488210818307906
Elman;0,75;1;1000;30~1;no PCA;Day;Day;Day;2350,80293787098;0,546511627906977;0,191860465116279;0,901162790697674;0,5;0,506934812760055
Jordan;0,75;1;1000;30~1;no PCA;Day;Day;Day;1357,36600238757;0,5;0;1;0,5;0,502773925104022
MLP;1;1;1000;30~1;no PCA;Day;Day;Day;3548,84320385521;0,529069767441861;0,133720930232558;0,924418604651163;0,5;0,495839112343967
Elman;1;1;1000;30~1;no PCA;Day;Day;Day;1759,58590968112;0,543604651162791;0,180232558139535;0,906976744186046;0,5;0,505547850208044
Jordan;1;1;1000;30~1;no PCA;Day;Day;Day;1302,0970595425;0,5;0;1;0,5;0,503467406380028
MLP;0,25;0;1000;3~3~1;no PCA;Day;Day;Day;1001,39291358087;0,569767441860465;0,340116279069767;0,799418604651163;0,5;0,515950069348128
Elman;0,25;0;1000;3~3~1;no PCA;Day;Day;Day;1006,52495385065;0,556686046511628;0,337209302325581;0,776162790697674;0,5;0,50624133148405
Jordan;0,25;0;1000;3~3~1;no PCA;Day;Day;Day;1007,10806422284;0,571220930232558;0,343023255813953;0,799418604651163;0,5;0,5124826629681
MLP;0,5;0;1000;3~3~1;no PCA;Day;Day;Day;1034,9281223621;0,569767441860465;0,377906976744186;0,761627906976744;0,5;0,51872399445215
Elman;0,5;0;1000;3~3~1;no PCA;Day;Day;Day;1038,0509350729;0,563953488372093;0,357558139534884;0,770348837209302;0,5;0,516643550624133
Jordan;0,5;0;1000;3~3~1;no PCA;Day;Day;Day;1028,29024270143;0,569767441860465;0,36046511627907;0,779069767441861;0,5;0,510402219140083
MLP;0,75;0;1000;3~3~1;no PCA;Day;Day;Day;1023,04395254558;0,575581395348837;0,395348837209302;0,755813953488372;0,5;0,529819694868239
Elman;0,75;0;1000;3~3~1;no PCA;Day;Day;Day;1091,29120902342;0,568313953488372;0,380813953488372;0,755813953488372;0,5;0,518030513176144
Jordan;0,75;0;1000;3~3~1;no PCA;Day;Day;Day;1026,51264822277;0,563953488372093;0,354651162790698;0,773255813953488;0,5;0,517337031900139
MLP;1;0;1000;3~3~1;no PCA;Day;Day;Day;1082,27494607794;0,572674418604651;0,383720930232558;0,761627906976744;0,5;0,5249653259362
Elman;1;0;1000;3~3~1;no PCA;Day;Day;Day;1109,80542109809;0,565406976744186;0,366279069767442;0,76453488372093;0,5;0,515256588072122
Jordan;1;0;1000;3~3~1;no PCA;Day;Day;Day;1038,91420030236;0,578488372093023;0,383720930232558;0,773255813953488;0,5;0,515256588072122
MLP;0,25;0,25;1000;3~3~1;no PCA;Day;Day;Day;1181,58636630881;0,513081395348837;0,0552325581395349;0,970930232558139;0,5;0,502773925104022
Elman;0,25;0,25;1000;3~3~1;no PCA;Day;Day;Day;1080,92649653225;0,517441860465116;0,0697674418604651;0,965116279069767;0,5;0,504160887656033
Jordan;0,25;0,25;1000;3~3~1;no PCA;Day;Day;Day;1134,95748433797;0,501453488372093;0,00290697674418605;1;0,5;0,499306518723994
MLP;0,5;0,25;1000;3~3~1;no PCA;Day;Day;Day;1109,91956464165;0,523255813953488;0,0872093023255814;0,959302325581395;0,5;0,499306518723994
Elman;0,5;0,25;1000;3~3~1;no PCA;Day;Day;Day;1071,68648060888;0,524709302325581;0,104651162790698;0,944767441860465;0,5;0,520110957004161
Jordan;0,5;0,25;1000;3~3~1;no PCA;Day;Day;Day;1149,61540487891;0,524709302325581;0,101744186046512;0,947674418604651;0,5;0,50624133148405
MLP;0,75;0,25;1000;3~3~1;no PCA;Day;Day;Day;1031,41602487803;0,539244186046512;0,159883720930233;0,918604651162791;0,5;0,518030513176144
Elman;0,75;0,25;1000;3~3~1;no PCA;Day;Day;Day;1025,69861584139;0,526162790697674;0,130813953488372;0,921511627906977;0,5;0,516643550624133
Jordan;0,75;0,25;1000;3~3~1;no PCA;Day;Day;Day;1139,23682751026;0,543604651162791;0,171511627906977;0,915697674418605;0,5;0,504854368932039
MLP;1;0,25;1000;3~3~1;no PCA;Day;Day;Day;1069,33799627942;0,542151162790698;0,197674418604651;0,886627906976744;0,5;0,511789181692094
Elman;1;0,25;1000;3~3~1;no PCA;Day;Day;Day;1046,96050626694;0,530523255813953;0,130813953488372;0,930232558139535;0,5;0,509708737864078
Jordan;1;0,25;1000;3~3~1;no PCA;Day;Day;Day;1082,57499974964;0,543604651162791;0,200581395348837;0,886627906976744;0,5;0,511095700416089
MLP;0,25;0,5;1000;3~3~1;no PCA;Day;Day;Day;2728,6485306631;0,536337209302326;0,191860465116279;0,880813953488372;0,5;0,502773925104022
Elman;0,25;0,5;1000;3~3~1;no PCA;Day;Day;Day;1240,05014438756;0,502906976744186;0,00581395348837209;1;0,5;0,515950069348128
Jordan;0,25;0,5;1000;3~3~1;no PCA;Day;Day;Day;5626,79409677922;0,558139534883721;0,508720930232558;0,607558139534884;0,5;0,518030513176144
MLP;0,5;0,5;1000;3~3~1;no PCA;Day;Day;Day;2371,11424341948;0,546511627906977;0,23546511627907;0,857558139534884;0,5;0,513869625520111
Elman;0,5;0,5;1000;3~3~1;no PCA;Day;Day;Day;1609,00492093553;0,534883720930233;0,273255813953488;0,796511627906977;0,5;0,528432732316227
Jordan;0,5;0,5;1000;3~3~1;no PCA;Day;Day;Day;2083,58000236489;0,530523255813953;0,523255813953488;0,537790697674419;0,5;0,5249653259362
MLP;0,75;0,5;1000;3~3~1;no PCA;Day;Day;Day;1298,77138451225;0,501453488372093;0,00290697674418605;1;0,5;0,503467406380028
Elman;0,75;0,5;1000;3~3~1;no PCA;Day;Day;Day;1134,85105261537;0,533430232558139;0,133720930232558;0,933139534883721;0,5;0,521497919556172
Jordan;0,75;0,5;1000;3~3~1;no PCA;Day;Day;Day;1995,42491540335;0,549418604651163;0,25;0,848837209302326;0,5;0,525658807212205
MLP;1;0,5;1000;3~3~1;no PCA;Day;Day;Day;1756,14399900536;0,533430232558139;0,156976744186047;0,909883720930233;0,5;0,5124826629681
Elman;1;0,5;1000;3~3~1;no PCA;Day;Day;Day;1050,59143662888;0,513081395348837;0,0930232558139535;0,933139534883721;0,5;0,516643550624133
Jordan;1;0,5;1000;3~3~1;no PCA;Day;Day;Day;1262,95977978289;0,523255813953488;0,0988372093023256;0,947674418604651;0,5;0,51872399445215
MLP;0,25;0,75;1000;3~3~1;no PCA;Day;Day;Day;5317,75013088813;0,526162790697674;0,915697674418605;0,136627906976744;0,5;0,5
Elman;0,25;0,75;1000;3~3~1;no PCA;Day;Day;Day;1462,19178518992;0,5;0;1;0,5;0,529819694868239
Jordan;0,25;0,75;1000;3~3~1;no PCA;Day;Day;Day;5840,25649844782;0,578488372093023;0,811046511627907;0,34593023255814;0,5;0,511095700416089
MLP;0,5;0,75;1000;3~3~1;no PCA;Day;Day;Day;2747,91708694354;0,550872093023256;0,232558139534884;0,869186046511628;0,5;0,538141470180305
Elman;0,5;0,75;1000;3~3~1;no PCA;Day;Day;Day;1221,3587991527;0,5;0;1;0,5;0,529819694868239
Jordan;0,5;0,75;1000;3~3~1;no PCA;Day;Day;Day;4621,03958972739;0,521802325581395;0,119186046511628;0,924418604651163;0,5;0,513869625520111
MLP;0,75;0,75;1000;3~3~1;no PCA;Day;Day;Day;3475,67734842167;0,545058139534884;0,186046511627907;0,904069767441861;0,5;0,502080443828017
Elman;0,75;0,75;1000;3~3~1;no PCA;Day;Day;Day;1204,14253381261;0,510174418604651;0,0755813953488372;0,944767441860465;0,5;0,519417475728155
Jordan;0,75;0,75;1000;3~3~1;no PCA;Day;Day;Day;2434,92895153574;0,558139534883721;0,311046511627907;0,805232558139535;0,5;0,533980582524272
MLP;1;0,75;1000;3~3~1;no PCA;Day;Day;Day;2063,59892435178;0,546511627906977;0,23546511627907;0,857558139534884;0,5;0,511095700416089
Elman;1;0,75;1000;3~3~1;no PCA;Day;Day;Day;1118,80952242617;0,515988372093023;0,063953488372093;0,968023255813953;0,5;0,521497919556172
Jordan;1;0,75;1000;3~3~1;no PCA;Day;Day;Day;1870,76613471095;0,545058139534884;0,241279069767442;0,848837209302326;0,5;0,525658807212205
MLP;0,25;1;1000;3~3~1;no PCA;Day;Day;Day;5826,95874238603;0,502906976744186;0,00581395348837209;1;0,5;0,522191400832178
Elman;0,25;1;1000;3~3~1;no PCA;Day;Day;Day;2427,90560938057;0,492732558139535;0,151162790697674;0,834302325581395;0,5;0,500693481276006
Jordan;0,25;1;1000;3~3~1;no PCA;Day;Day;Day;7790,89768837357;0,598837209302326;0,595930232558139;0,601744186046512;0,5;0,509015256588072
MLP;0,5;1;1000;3~3~1;no PCA;Day;Day;Day;4217,97079487339;0,523255813953488;0,113372093023256;0,933139534883721;0,5;0,519417475728155
Elman;0,5;1;1000;3~3~1;no PCA;Day;Day;Day;1365,80722953277;0,504360465116279;0,0174418604651163;0,991279069767442;0,5;0,510402219140083
Jordan;0,5;1;1000;3~3~1;no PCA;Day;Day;Day;5448,90045429952;0,559593023255814;0,555232558139535;0,563953488372093;0,5;0,514563106796117
MLP;0,75;1;1000;3~3~1;no PCA;Day;Day;Day;4285,95898503275;0,553779069767442;0,212209302325581;0,895348837209302;0,5;0,524271844660194
Elman;0,75;1;1000;3~3~1;no PCA;Day;Day;Day;1608,82644055308;0,504360465116279;0,0232558139534884;0,98546511627907;0,5;0,529819694868239
Jordan;0,75;1;1000;3~3~1;no PCA;Day;Day;Day;2996,8166831275;0,555232558139535;0,255813953488372;0,854651162790698;0,5;0,517337031900139
MLP;1;1;1000;3~3~1;no PCA;Day;Day;Day;3936,45451026733;0,571220930232558;0,395348837209302;0,747093023255814;0,5;0,515256588072122
Elman;1;1;1000;3~3~1;no PCA;Day;Day;Day;1450,5970447778;0,507267441860465;0,0203488372093023;0,994186046511628;0,5;0,522884882108183
Jordan;1;1;1000;3~3~1;no PCA;Day;Day;Day;2258,58757629315;0,530523255813953;0,13953488372093;0,921511627906977;0,5;0,532593619972261
MLP;0,25;0;1000;10~10~1;no PCA;Day;Day;Day;992,918060597682;0,568313953488372;0,334302325581395;0,802325581395349;0,5;0,513176144244105
Elman;0,25;0;1000;10~10~1;no PCA;Day;Day;Day;1040,62308301783;0,561046511627907;0,348837209302326;0,773255813953488;0,5;0,509015256588072
Jordan;0,25;0;1000;10~10~1;no PCA;Day;Day;Day;991,302836703898;0,566860465116279;0,328488372093023;0,805232558139535;0,5;0,501386962552011
MLP;0,5;0;1000;10~10~1;no PCA;Day;Day;Day;1008,90883640841;0,5625;0,363372093023256;0,761627906976744;0,5;0,516643550624133
Elman;0,5;0;1000;10~10~1;no PCA;Day;Day;Day;1060,06172153436;0,569767441860465;0,369186046511628;0,770348837209302;0,5;0,507628294036061
Jordan;0,5;0;1000;10~10~1;no PCA;Day;Day;Day;1005,83896082075;0,574127906976744;0,36046511627907;0,787790697674419;0,5;0,508321775312067
MLP;0,75;0;1000;10~10~1;no PCA;Day;Day;Day;1028,47776049765;0,571220930232558;0,380813953488372;0,761627906976744;0,5;0,522884882108183
Elman;0,75;0;1000;10~10~1;no PCA;Day;Day;Day;1097,17546430575;0,571220930232558;0,351744186046512;0,790697674418605;0,5;0,514563106796117
Jordan;0,75;0;1000;10~10~1;no PCA;Day;Day;Day;1018,05812897465;0,568313953488372;0,366279069767442;0,770348837209302;0,5;0,506934812760055
MLP;1;0;1000;10~10~1;no PCA;Day;Day;Day;1029,4824747958;0,572674418604651;0,386627906976744;0,758720930232558;0,5;0,529126213592233
Elman;1;0;1000;10~10~1;no PCA;Day;Day;Day;1140,47917908256;0,579941860465116;0,38953488372093;0,770348837209302;0,5;0,523578363384189
Jordan;1;0;1000;10~10~1;no PCA;Day;Day;Day;1018,73366186631;0,569767441860465;0,372093023255814;0,767441860465116;0,5;0,520804438280166
MLP;0,25;0,25;1000;10~10~1;no PCA;Day;Day;Day;1101,46734619955;0,5;0;1;0,5;0,486823855755895
Elman;0,25;0,25;1000;10~10~1;no PCA;Day;Day;Day;1004,44707085034;0,5;0,0116279069767442;0,988372093023256;0,5;0,51872399445215
Jordan;0,25;0,25;1000;10~10~1;no PCA;Day;Day;Day;1083,11072662467;0,5;0;1;0,5;0,48127600554785
MLP;0,5;0,25;1000;10~10~1;no PCA;Day;Day;Day;1040,02613811122;0,507267441860465;0,0203488372093023;0,994186046511628;0,5;0,515950069348128
Elman;0,5;0,25;1000;10~10~1;no PCA;Day;Day;Day;1033,9507998973;0,517441860465116;0,0930232558139535;0,941860465116279;0,5;0,520110957004161
Jordan;0,5;0,25;1000;10~10~1;no PCA;Day;Day;Day;1047,04357610844;0,505813953488372;0,0116279069767442;1;0,5;0,509708737864078
MLP;0,75;0,25;1000;10~10~1;no PCA;Day;Day;Day;1033,45721096789;0,517441860465116;0,0784883720930233;0,956395348837209;0,5;0,513869625520111
Elman;0,75;0,25;1000;10~10~1;no PCA;Day;Day;Day;1069,58900151025;0,534883720930233;0,148255813953488;0,921511627906977;0,5;0,518030513176144
Jordan;0,75;0,25;1000;10~10~1;no PCA;Day;Day;Day;1038,44256566656;0,524709302325581;0,0988372093023256;0,950581395348837;0,5;0,523578363384189
MLP;1;0,25;1000;10~10~1;no PCA;Day;Day;Day;1026,28979187092;0,542151162790698;0,168604651162791;0,915697674418605;0,5;0,51872399445215
Elman;1;0,25;1000;10~10~1;no PCA;Day;Day;Day;1108,72514447782;0,540697674418605;0,203488372093023;0,877906976744186;0,5;0,525658807212205
Jordan;1;0,25;1000;10~10~1;no PCA;Day;Day;Day;1037,45463540539;0,533430232558139;0,142441860465116;0,924418604651163;0,5;0,511789181692094
MLP;0,25;0,5;1000;10~10~1;no PCA;Day;Day;Day;1557,7529897168;0,5;0;1;0,5;0,499306518723994
Elman;0,25;0,5;1000;10~10~1;no PCA;Day;Day;Day;1578,28410481369;0,513081395348837;0,0581395348837209;0,968023255813953;0,5;0,519417475728155
Jordan;0,25;0,5;1000;10~10~1;no PCA;Day;Day;Day;2029,97876041857;0,5;0;1;0,5;0,494452149791956
MLP;0,5;0,5;1000;10~10~1;no PCA;Day;Day;Day;1318,53228271757;0,5;0;1;0,5;0,496532593619972
Elman;0,5;0,5;1000;10~10~1;no PCA;Day;Day;Day;1117,49601286014;0,504360465116279;0,00872093023255814;1;0,5;0,529819694868239
Jordan;0,5;0,5;1000;10~10~1;no PCA;Day;Day;Day;1380,35498631465;0,5;0;1;0,5;0,499306518723994
MLP;0,75;0,5;1000;10~10~1;no PCA;Day;Day;Day;1242,73709539191;0,5;0;1;0,5;0,498613037447989
Elman;0,75;0,5;1000;10~10~1;no PCA;Day;Day;Day;1079,7574294034;0,510174418604651;0,0436046511627907;0,976744186046512;0,5;0,515256588072122
Jordan;0,75;0,5;1000;10~10~1;no PCA;Day;Day;Day;1354,61764727986;0,511627906976744;0,061046511627907;0,962209302325581;0,5;0,483356449375867
MLP;1;0,5;1000;10~10~1;no PCA;Day;Day;Day;1225,33077215284;0,504360465116279;0,0203488372093023;0,988372093023256;0,5;0,507628294036061
Elman;1;0,5;1000;10~10~1;no PCA;Day;Day;Day;1150,25451649189;0,510174418604651;0,0232558139534884;0,997093023255814;0,5;0,515950069348128
Jordan;1;0,5;1000;10~10~1;no PCA;Day;Day;Day;1273,77737290979;0,51453488372093;0,0377906976744186;0,991279069767442;0,5;0,515256588072122
MLP;0,25;0,75;1000;10~10~1;no PCA;Day;Day;Day;2163,71301862186;0,5;0;1;0,5;0,5
Elman;0,25;0,75;1000;10~10~1;no PCA;Day;Day;Day;1760,87303113296;0,513081395348837;0,0406976744186047;0,98546511627907;0,5;0,502773925104022
Jordan;0,25;0,75;1000;10~10~1;no PCA;Day;Day;Day;2620,06029214929;0,488372093023256;0,188953488372093;0,787790697674419;0,5;0,495839112343967
MLP;0,5;0,75;1000;10~10~1;no PCA;Day;Day;Day;1706,19686253601;0,5;0;1;0,5;0,49375866851595
Elman;0,5;0,75;1000;10~10~1;no PCA;Day;Day;Day;1391,62763111174;0,508720930232558;0,0261627906976744;0,991279069767442;0,5;0,508321775312067
Jordan;0,5;0,75;1000;10~10~1;no PCA;Day;Day;Day;2386,23412382692;0,5;0;1;0,5;0,509708737864078
MLP;0,75;0,75;1000;10~10~1;no PCA;Day;Day;Day;1924,93649914901;0,520348837209302;0,0872093023255814;0,953488372093023;0,5;0,504160887656033
Elman;0,75;0,75;1000;10~10~1;no PCA;Day;Day;Day;1340,62901099678;0,501453488372093;0,0116279069767442;0,991279069767442;0,5;0,524271844660194
Jordan;0,75;0,75;1000;10~10~1;no PCA;Day;Day;Day;2495,82008767359;0,527616279069767;0,101744186046512;0,953488372093023;0,5;0,511095700416089
MLP;1;0,75;1000;10~10~1;no PCA;Day;Day;Day;1572,29705496302;0,511627906976744;0,0581395348837209;0,965116279069767;0,5;0,49375866851595
Elman;1;0,75;1000;10~10~1;no PCA;Day;Day;Day;1189,19105640004;0,508720930232558;0,0494186046511628;0,968023255813953;0,5;0,521497919556172
Jordan;1;0,75;1000;10~10~1;no PCA;Day;Day;Day;1830,6304689814;0,527616279069767;0,101744186046512;0,953488372093023;0,5;0,511789181692094
MLP;0,25;1;1000;10~10~1;no PCA;Day;Day;Day;4220,47417488257;0,515988372093023;0,101744186046512;0,930232558139535;0,5;0,5124826629681
Elman;0,25;1;1000;10~10~1;no PCA;Day;Day;Day;2294,89210190422;0,508720930232558;0,0465116279069767;0,970930232558139;0,5;0,524271844660194
Jordan;0,25;1;1000;10~10~1;no PCA;Day;Day;Day;6980,11767505073;0,518895348837209;0,0755813953488372;0,962209302325581;0,5;0,515256588072122
MLP;0,5;1;1000;10~10~1;no PCA;Day;Day;Day;2989,86178782415;0,536337209302326;0,302325581395349;0,770348837209302;0,5;0,519417475728155
Elman;0,5;1;1000;10~10~1;no PCA;Day;Day;Day;1547,9827453341;0,510174418604651;0,0552325581395349;0,965116279069767;0,5;0,506934812760055
Jordan;0,5;1;1000;10~10~1;no PCA;Day;Day;Day;3422,18533100752;0,515988372093023;0,590116279069767;0,441860465116279;0,5;0,491678224687933
MLP;0,75;1;1000;10~10~1;no PCA;Day;Day;Day;3828,76564729006;0,530523255813953;0,122093023255814;0,938953488372093;0,5;0,515950069348128
Elman;0,75;1;1000;10~10~1;no PCA;Day;Day;Day;1612,42145018925;0,507267441860465;0,0290697674418605;0,98546511627907;0,5;0,506934812760055
Jordan;0,75;1;1000;10~10~1;no PCA;Day;Day;Day;5063,81091217201;0,517441860465116;0,0872093023255814;0,947674418604651;0,5;0,524271844660194
MLP;1;1;1000;10~10~1;no PCA;Day;Day;Day;3146,56287938422;0,540697674418605;0,145348837209302;0,936046511627907;0,5;0,504854368932039
Elman;1;1;1000;10~10~1;no PCA;Day;Day;Day;1322,10869658448;0,494186046511628;0,0203488372093023;0,968023255813953;0,5;0,517337031900139
Jordan;1;1;1000;10~10~1;no PCA;Day;Day;Day;2758,6955160368;0,530523255813953;0,125;0,936046511627907;0,5;0,522191400832178
MLP;0,25;0;1000;30~30~1;no PCA;Day;Day;Day;1012,70282702398;0,571220930232558;0,380813953488372;0,761627906976744;0,5;0,51872399445215
Elman;0,25;0;1000;30~30~1;no PCA;Day;Day;Day;1105,78622727091;0,566860465116279;0,369186046511628;0,76453488372093;0,5;0,506934812760055
Jordan;0,25;0;1000;30~30~1;no PCA;Day;Day;Day;1007,8363370637;0,5625;0,351744186046512;0,773255813953488;0,5;0,50624133148405
MLP;0,5;0;1000;30~30~1;no PCA;Day;Day;Day;1005,30011859074;0,568313953488372;0,375;0,761627906976744;0,5;0,519417475728155
Elman;0,5;0;1000;30~30~1;no PCA;Day;Day;Day;1123,03774304154;0,57703488372093;0,377906976744186;0,776162790697674;0,5;0,511095700416089
Jordan;0,5;0;1000;30~30~1;no PCA;Day;Day;Day;1002,46698947575;0,572674418604651;0,354651162790698;0,790697674418605;0,5;0,513176144244105
MLP;0,75;0;1000;30~30~1;no PCA;Day;Day;Day;1015,68635362795;0,572674418604651;0,383720930232558;0,761627906976744;0,5;0,53120665742025
Elman;0,75;0;1000;30~30~1;no PCA;Day;Day;Day;1185,81184997588;0,574127906976744;0,340116279069767;0,808139534883721;0,5;0,527739251040222
Jordan;0,75;0;1000;30~30~1;no PCA;Day;Day;Day;1010,383189202;0,569767441860465;0,363372093023256;0,776162790697674;0,5;0,513869625520111
MLP;1;0;1000;30~30~1;no PCA;Day;Day;Day;1034,17726855901;0,572674418604651;0,386627906976744;0,758720930232558;0,5;0,536061026352288
Elman;1;0;1000;30~30~1;no PCA;Day;Day;Day;1166,63644813916;0,563953488372093;0,369186046511628;0,758720930232558;0,5;0,506934812760055
Jordan;1;0;1000;30~30~1;no PCA;Day;Day;Day;1020,75719367993;0,566860465116279;0,372093023255814;0,761627906976744;0,5;0,518030513176144
MLP;0,25;0,25;1000;30~30~1;no PCA;Day;Day;Day;1118,47952477421;0,5;0;1;0,5;0,497226074895978
Elman;0,25;0,25;1000;30~30~1;no PCA;Day;Day;Day;1072,37458729913;0,501453488372093;0,00290697674418605;1;0,5;0,517337031900139
Jordan;0,25;0,25;1000;30~30~1;no PCA;Day;Day;Day;1112,56618697999;0,5;0;1;0,5;0,486130374479889
MLP;0,5;0,25;1000;30~30~1;no PCA;Day;Day;Day;1067,50894249831;0,511627906976744;0,0290697674418605;0,994186046511628;0,5;0,506934812760055
Elman;0,5;0,25;1000;30~30~1;no PCA;Day;Day;Day;1111,41524097123;0,513081395348837;0,0348837209302326;0,991279069767442;0,5;0,509708737864078
Jordan;0,5;0,25;1000;30~30~1;no PCA;Day;Day;Day;1071,59244227918;0,513081395348837;0,0319767441860465;0,994186046511628;0,5;0,503467406380028
MLP;0,75;0,25;1000;30~30~1;no PCA;Day;Day;Day;1050,9505244602;0,518895348837209;0,0813953488372093;0,956395348837209;0,5;0,510402219140083
Elman;0,75;0,25;1000;30~30~1;no PCA;Day;Day;Day;1120,67481064499;0,515988372093023;0,0465116279069767;0,98546511627907;0,5;0,509015256588072
Jordan;0,75;0,25;1000;30~30~1;no PCA;Day;Day;Day;1051,81609962803;0,521802325581395;0,0872093023255814;0,956395348837209;0,5;0,506934812760055
MLP;1;0,25;1000;30~30~1;no PCA;Day;Day;Day;1054,24436958666;0,526162790697674;0,113372093023256;0,938953488372093;0,5;0,50624133148405
Elman;1;0,25;1000;30~30~1;no PCA;Day;Day;Day;1150,96388512381;0,531976744186047;0,133720930232558;0,930232558139535;0,5;0,53120665742025
Jordan;1;0,25;1000;30~30~1;no PCA;Day;Day;Day;1055,97851641044;0,527616279069767;0,122093023255814;0,933139534883721;0,5;0,513176144244105
MLP;0,25;0,5;1000;30~30~1;no PCA;Day;Day;Day;1569,06101965535;0,5;0;1;0,5;0,503467406380028
Elman;0,25;0,5;1000;30~30~1;no PCA;Day;Day;Day;1784,32053174419;0,537790697674419;0,450581395348837;0,625;0,5;0,509015256588072
Jordan;0,25;0,5;1000;30~30~1;no PCA;Day;Day;Day;1629,56761174589;0,5;0;1;0,5;0,499306518723994
MLP;0,5;0,5;1000;30~30~1;no PCA;Day;Day;Day;1291,2153771464;0,5;0;1;0,5;0,483356449375867
Elman;0,5;0,5;1000;30~30~1;no PCA;Day;Day;Day;1582,80724876111;0,546511627906977;0,357558139534884;0,73546511627907;0,5;0,5249653259362
Jordan;0,5;0,5;1000;30~30~1;no PCA;Day;Day;Day;1333,10732644109;0,5;0;1;0,5;0,494452149791956
MLP;0,75;0,5;1000;30~30~1;no PCA;Day;Day;Day;1282,91388520171;0,502906976744186;0,00581395348837209;1;0,5;0,501386962552011
Elman;0,75;0,5;1000;30~30~1;no PCA;Day;Day;Day;1256,18108954206;0,523255813953488;0,0930232558139535;0,953488372093023;0,5;0,515256588072122
Jordan;0,75;0,5;1000;30~30~1;no PCA;Day;Day;Day;1312,09539455965;0,502906976744186;0,00581395348837209;1;0,5;0,497226074895978
MLP;1;0,5;1000;30~30~1;no PCA;Day;Day;Day;1260,53790384755;0,510174418604651;0,0377906976744186;0,982558139534884;0,5;0,511095700416089
Elman;1;0,5;1000;30~30~1;no PCA;Day;Day;Day;1252,81349983545;0,515988372093023;0,0581395348837209;0,973837209302326;0,5;0,523578363384189
Jordan;1;0,5;1000;30~30~1;no PCA;Day;Day;Day;1277,68000111808;0,508720930232558;0,0406976744186047;0,976744186046512;0,5;0,499306518723994
MLP;0,25;0,75;1000;30~30~1;no PCA;Day;Day;Day;2770,46977040407;0,501453488372093;0,34593023255814;0,656976744186047;0,5;0,505547850208044
Elman;0,25;0,75;1000;30~30~1;no PCA;Day;Day;Day;4582,38416400862;0,501453488372093;1;0,00290697674418605;0,5;0,508321775312067
Jordan;0,25;0,75;1000;30~30~1;no PCA;Day;Day;Day;2798,26555221074;0,5;0;1;0,5;0,495839112343967
MLP;0,5;0,75;1000;30~30~1;no PCA;Day;Day;Day;2037,22455199703;0,530523255813953;0,447674418604651;0,613372093023256;0,5;0,513869625520111
Elman;0,5;0,75;1000;30~30~1;no PCA;Day;Day;Day;3087,50532784284;0,563953488372093;0,322674418604651;0,805232558139535;0,5;0,509708737864078
Jordan;0,5;0,75;1000;30~30~1;no PCA;Day;Day;Day;2078,8061489052;0,561046511627907;0,686046511627907;0,436046511627907;0,5;0,5124826629681
MLP;0,75;0,75;1000;30~30~1;no PCA;Day;Day;Day;2329,40835439285;0,517441860465116;0,063953488372093;0,970930232558139;0,5;0,5249653259362
Elman;0,75;0,75;1000;30~30~1;no PCA;Day;Day;Day;1993,47414078087;0,559593023255814;0,508720930232558;0,61046511627907;0,5;0,51872399445215
Jordan;0,75;0,75;1000;30~30~1;no PCA;Day;Day;Day;1980,37550396108;0,502906976744186;0,00581395348837209;1;0,5;0,513176144244105
MLP;1;0,75;1000;30~30~1;no PCA;Day;Day;Day;1787,58121116548;0,533430232558139;0,119186046511628;0,947674418604651;0,5;0,520804438280166
Elman;1;0,75;1000;30~30~1;no PCA;Day;Day;Day;1738,05388223864;0,568313953488372;0,566860465116279;0,569767441860465;0,5;0,519417475728155
Jordan;1;0,75;1000;30~30~1;no PCA;Day;Day;Day;1768,0810926124;0,517441860465116;0,063953488372093;0,970930232558139;0,5;0,507628294036061
MLP;0,25;1;1000;30~30~1;no PCA;Day;Day;Day;3664,35415454771;0,51453488372093;0,962209302325581;0,0668604651162791;0,5;0,518030513176144
Elman;0,25;1;1000;30~30~1;no PCA;Day;Day;Day;6635,0048305044;0,559593023255814;0,720930232558139;0,398255813953488;0,5;0,5124826629681
Jordan;0,25;1;1000;30~30~1;no PCA;Day;Day;Day;3879,58473618274;0,5;1;0;0,5;0,513176144244105
MLP;0,5;1;1000;30~30~1;no PCA;Day;Day;Day;3448,78596848913;0,518895348837209;0,450581395348837;0,587209302325581;0,5;0,525658807212205
Elman;0,5;1;1000;30~30~1;no PCA;Day;Day;Day;5422,29401141538;0,536337209302326;0,194767441860465;0,877906976744186;0,5;0,505547850208044
Jordan;0,5;1;1000;30~30~1;no PCA;Day;Day;Day;4977,83253720392;0,507267441860465;0,482558139534884;0,531976744186047;0,5;0,515950069348128
MLP;0,75;1;1000;30~30~1;no PCA;Day;Day;Day;3090,49274338368;0,526162790697674;0,450581395348837;0,601744186046512;0,5;0,529126213592233
Elman;0,75;1;1000;30~30~1;no PCA;Day;Day;Day;3386,63072131831;0,5625;0,337209302325581;0,787790697674419;0,5;0,504854368932039
Jordan;0,75;1;1000;30~30~1;no PCA;Day;Day;Day;3666,55361382534;0,549418604651163;0,401162790697674;0,697674418604651;0,5;0,523578363384189
MLP;1;1;1000;30~30~1;no PCA;Day;Day;Day;2450,26759452772;0,550872093023256;0,305232558139535;0,796511627906977;0,5;0,522884882108183
Elman;1;1;1000;30~30~1;no PCA;Day;Day;Day;2921,42927522321;0,558139534883721;0,252906976744186;0,863372093023256;0,5;0,522884882108183
Jordan;1;1;1000;30~30~1;no PCA;Day;Day;Day;2420,8240506575;0,553779069767442;0,226744186046512;0,880813953488372;0,5;0,522191400832178
